vibration_x_rms,vibration_x_mean,vibration_x_std,vibration_x_max,vibration_x_min,vibration_x_kurtosis,vibration_x_crest_factor,vibration_y_rms,vibration_y_mean,vibration_y_std,vibration_y_max,vibration_y_min,vibration_y_kurtosis,vibration_y_crest_factor,vibration_z_rms,vibration_z_mean,vibration_z_std,vibration_z_max,vibration_z_min,vibration_z_kurtosis,vibration_z_crest_factor,rms_value_rms,rms_value_mean,rms_value_std,rms_value_max,rms_value_min,rms_value_kurtosis,rms_value_crest_factor,bearing_temp_rms,bearing_temp_mean,bearing_temp_std,bearing_temp_max,bearing_temp_min,bearing_temp_kurtosis,bearing_temp_crest_factor,motor_temp_rms,motor_temp_mean,motor_temp_std,motor_temp_max,motor_temp_min,motor_temp_kurtosis,motor_temp_crest_factor,ambient_temp_rms,ambient_temp_mean,ambient_temp_std,ambient_temp_max,ambient_temp_min,ambient_temp_kurtosis,ambient_temp_crest_factor,runtime_hours_rms,runtime_hours_mean,runtime_hours_std,runtime_hours_max,runtime_hours_min,runtime_hours_kurtosis,runtime_hours_crest_factor,rpm_rms,rpm_mean,rpm_std,rpm_max,rpm_min,rpm_kurtosis,rpm_crest_factor,load_percent_rms,load_percent_mean,load_percent_std,load_percent_max,load_percent_min,load_percent_kurtosis,load_percent_crest_factor,degradation_level_rms,degradation_level_mean,degradation_level_std,degradation_level_max,degradation_level_min,degradation_level_kurtosis,degradation_level_crest_factor,fault_type_rms,fault_type_mean,fault_type_std,fault_type_max,fault_type_min,fault_type_kurtosis,fault_type_crest_factor,degradation_level
3.3156348525433255,3.1410620000000007,1.0616797952094597,5.3553,1.7534,1.9585752774111784,1.6151657893632194,3.29386380374174,3.173924,0.880763986448129,4.6942,1.4058,2.058729724230934,1.4251348159617798,2.472883922629608,2.341928,0.7940580190489861,3.6661,0.9138,1.988531499654925,1.482520045371298,3.3495165516832426,3.2702040000000006,0.724587419421563,4.6965,2.1106,2.014182474608344,1.402142641635381,60.763134141041476,60.260498000000005,7.799413531426321,76.5591,46.8412,2.284298333798874,1.259959695457674,71.14781514843867,70.721216,7.779537767614731,85.1566,55.8813,2.0132382428760134,1.1968969083641607,24.988101656616493,24.930606,1.694139567498499,27.8453,22.0218,1.9587505554135356,1.1143423526726184,1200.00687000683,1200.0068700000002,0.004048715845794616,1200.0137,1200.0,0.04698707504258468,1.000005691620057,1484.7054909447995,1484.5961899999998,18.01520133448696,1514.0787,1450.0419,2.1022857824137082,1.0197838623377833,78.16222849864889,77.367646,11.116713376429383,94.2449,60.0079,1.6542946003039596,1.2057601452544502,0.14867332040416667,0.134398,0.06356833957246327,0.252,0.0116,1.9881360981130591,1.6949912893922603,0.0,0.0,0.0,0.0,0.0,0.0,0.0,0.2333
3.4484081062716463,3.2701939999999996,1.0942347416180862,5.3553,1.7534,1.7600522394887463,1.5529774375400929,3.2874220337522835,3.1693119999999997,0.8732726233290495,4.6942,1.4058,2.1010311692169203,1.4279273964598753,2.520115868407641,2.393786,0.7878912211745984,3.6661,0.988,1.908953642390943,1.4547346935159426,3.3713545918517682,3.29726,0.7029283579426854,4.6965,2.1106,2.138380206479634,1.3930602249375892,61.07432832167866,60.585621999999994,7.710770831591094,76.5591,46.8412,2.305544186363192,1.2535397783538054,70.9281283204569,70.524016,7.5605921907575455,85.1566,55.8813,2.162037733875041,1.2006040763299448,25.011847692431683,24.955641999999994,1.675845266495687,27.8453,22.0218,1.9850015841648685,1.1132844055056694,1200.0082720068292,1200.008272,0.004048507873273711,1200.0151,1200.0014,0.046987265757605666,1.000005689946753,1486.2872821213168,1486.17972,17.880851665745702,1516.9231,1450.0419,2.2264498007498665,1.0206123124627373,77.63167687048374,76.88197199999999,10.762882286563205,94.308,60.0079,1.7493710122872577,1.2148133827534082,0.1698451241572745,0.157154,0.06442038872903516,0.2739,0.0289,2.0137681246566244,1.612645551248892,0.0,0.0,0.0,0.0,0.0,0.0,0.0,0.2739
3.5042942569082296,3.311558,1.1461508851961857,5.4914,1.7534,1.774836220908726,1.5670487640996413,3.2431699964695033,3.1346599999999993,0.8319004209639518,4.6942,1.4058,2.287429111877148,1.4474110178115764,2.4917087638004567,2.35596,0.811212082010617,3.6661,0.988,1.753290708129171,1.4713196175042214,3.471605144021998,3.393528,0.7321270307917882,4.6965,2.1106,1.8806780455477965,1.352832419481493,60.47365259711869,59.965446,7.823550629866467,76.5591,46.8412,2.40178211840011,1.2659910010295592,71.71903497267654,71.28264,7.899696958896587,85.1566,55.8813,2.031718427757572,1.1873639964699645,24.949487348256277,24.892292,1.6884069200095102,27.8453,22.0218,1.9393691838999891,1.116067019741207,1200.0096760068377,1200.0096760000001,0.004051002838799665,1200.0166,1200.0028,0.04723275600577159,1.0000057699394436,1485.9122610552577,1485.805362,17.82340613905088,1516.9231,1450.0419,2.2644631574894474,1.0208698990830796,78.54343140273411,77.76511599999999,11.029839075097332,94.308,60.0079,1.6627274598538935,1.2007114828536765,0.19191071986733832,0.18035599999999996,0.06558534641213691,0.3079,0.064,1.9140423154329627,1.6043917930635838,0.0,0.0,0.0,0.0,0.0,0.0,0.0,0.3079
3.6020483757440016,3.4156120000000003,1.1438300427318737,5.4914,1.8889,1.6544858494217118,1.5245214422253668,3.3391217001181617,3.2320260000000003,0.8388931180573602,4.9445,1.4058,2.553542766798667,1.4807786086434773,2.470617107606923,2.3402119999999997,0.7920585126466352,3.6661,0.988,1.8022049409200034,1.4838802718047384,3.567218346975694,3.48577,0.7579275968718912,4.8593,2.1404,1.8481462448504802,1.3622098547731571,61.123877565596246,60.646448,7.624746135924527,76.5591,47.6526,2.3440136408101417,1.252523613301756,72.29579122244255,71.833042,8.166731629313896,85.6806,55.8813,1.996549313842426,1.1851395294163551,25.039957091976017,24.98502,1.6577776592776248,27.8453,22.0218,1.9428200922553807,1.1120346527192173,1200.01107800683,1200.0110779999998,0.004048717821730636,1200.0179,1200.0042,0.04708414549232935,1.0000056849334935,1485.2922998779918,1485.182846,18.031362239012463,1516.9231,1450.0419,2.300628887790275,1.0212960102966895,78.0257964675709,77.252172,10.960238851467425,94.308,60.0079,1.6509503839610853,1.2086771844374515,0.21200673102522005,0.20131600000000002,0.06647346947467087,0.3274,0.0883,1.8418886075534813,1.5442905183899456,0.0,0.0,0.0,0.0,0.0,0.0,0.0,0.303
3.5613576758309464,3.379864,1.122402707010278,5.4914,1.9062,1.7648123959064077,1.5419400364776137,3.373677113714352,3.264672,0.8506550417272563,4.9445,1.5676,2.312305119547161,1.4656115030226138,2.5604779531564024,2.43967,0.7772114510865109,3.6661,1.0461,1.844398045334175,1.4318029886422665,3.648389585584303,3.5737059999999996,0.7344194944062963,4.8593,2.203,1.7808507040724584,1.3319027128794794,60.69459488628786,60.211362,7.643672842001808,76.5591,47.6526,2.411811699526247,1.2613825025246594,72.34608620340978,71.860576,8.367425284962154,85.6806,55.8813,1.920300660863176,1.1843156207131298,25.03478859426618,24.975884,1.716350307525827,27.8453,22.0218,1.7868806848099377,1.1122642351873058,1200.01248000682,1200.01248,0.004045738498717617,1200.0193,1200.0056,0.046935535356475266,1.0000056832602107,1486.8636342800362,1486.7647760000002,17.145488914190356,1516.9231,1450.2875,2.5618066406774487,1.0202166930555923,79.38305010567053,78.676598,10.567003890687085,94.308,60.0079,1.8714908379811723,1.1880117967573942,0.233251879735191,0.22354200000000002,0.06659890116210627,0.3343,0.1102,1.7757843187656872,1.4332145406389982,0.0,0.0,0.0,0.0,0.0,0.0,0.0,0.3317
3.7064877543572154,3.5324439999999995,1.1224486001879996,5.5366,1.9062,1.7379210150905575,1.4937591466621678,3.4784132069091505,3.3636199999999996,0.8862386437072127,4.9445,1.5676,2.237356540551219,1.421481489307813,2.6229901727989753,2.5109580000000005,0.7583978961178623,3.6661,1.1101,1.751631276703558,1.3976796497529889,3.6325133784474897,3.5541579999999997,0.7504094586530743,4.8593,2.203,1.6911317408383515,1.337723906387811,61.521132002849235,61.006347999999996,7.94198883245853,76.5591,47.6526,2.2256670356562602,1.2444358140875877,72.40616240258699,71.94829800000001,8.12986892717195,85.6806,56.3898,1.826260863191628,1.1833329808555826,25.151364436097698,25.085525999999994,1.8186583793346127,27.9691,22.1086,1.7037516411715241,1.1120311210129787,1200.0138820068075,1200.013882,0.00404206333449314,1200.0207,1200.007,0.0467314307537665,1.000005681586934,1485.4126803622833,1485.3091459999996,17.537724761601336,1516.9231,1450.2875,2.3098199564613187,1.0212132426524188,80.05225894019857,79.379126,10.359465087769927,94.308,60.0079,2.061086986074156,1.1780804344155997,0.25359595974699595,0.24476799999999999,0.06632900554056273,0.3488,0.1151,1.7906308120134797,1.3754161801072229,0.0,0.0,0.0,0.0,0.0,0.0,0.0,0.3387
3.8966178903248903,3.7299280000000006,1.127505254096849,5.616,1.9062,1.7053798489709948,1.4412498591488152,3.515798800557279,3.392244,0.9238624629586376,4.9466,1.5676,2.105584065309772,1.406963329399366,2.6232146256072912,2.506432,0.7739855304694009,3.6661,1.1101,1.8335670221470426,1.3975600586534827,3.7048681421610676,3.623372,0.7728022388787444,5.0214,2.3166,1.6591868977128381,1.3553518759017087,62.21655934358312,61.633312,8.499123982167575,77.8468,47.6526,2.0266070169834567,1.2512231600206083,72.3167536217618,71.861294,8.103534971613561,85.6806,56.3898,1.8682532005081245,1.1847959939723947,25.09233777016004,25.025494,1.8303182312822,27.9691,22.1086,1.6728278972858366,1.1146470386714846,1200.0152840068167,1200.015284,0.004044767484060711,1200.0222,1200.0084,0.046967283473478554,1.000005763245915,1483.8657064591064,1483.7464820000002,18.809889898845146,1516.9231,1450.2875,2.0326884611974143,1.0222778876732415,80.07902235999389,79.43066400000001,10.169534829651944,94.308,60.0079,2.124698312022772,1.1776867050681905,0.2750929857339151,0.26728799999999997,0.06506362928702948,0.3965,0.1487,1.8838394846316242,1.4413307723164146,0.0,0.0,0.0,0.0,0.0,0.0,0.0,0.3965
3.9601972180940685,3.8162059999999998,1.058174735931642,5.616,2.0503,1.8286319004501415,1.418111189048739,3.466753837929656,3.3320600000000002,0.956952626413659,4.9466,1.5676,1.988358525794061,1.4268679626487204,2.592494060591075,2.466686,0.797800496116667,3.6661,1.1101,1.6739911350854317,1.4141208813504242,3.7155060585336153,3.6382019999999993,0.7539704756792536,5.0214,2.3166,1.696106850476293,1.3514713493609707,63.42861234686914,62.87847,8.335878760424723,78.7506,47.6526,2.06877962429207,1.2415627123753645,71.69737614128009,71.238298,8.100533538440292,85.6806,56.3898,1.91983273325552,1.1950311796517572,25.037044552961916,24.973678,1.780170525347502,27.9691,22.1086,1.6334136815948952,1.1171086878750685,1200.0166860068234,1200.016686,0.0040467769891698825,1200.0236,1200.0098,0.04709034605924046,1.0000057615725324,1484.9325290051797,1484.8090320000001,19.150827369640627,1519.5806,1450.2875,2.1317712338476826,1.023333094472514,80.38535423353684,79.79798799999999,9.699808575588282,94.308,60.0079,2.3013686769347506,1.173198785866924,0.29719766923715946,0.289846,0.06569437482768216,0.4171,0.1704,2.0360405410372313,1.4034429914479927,0.0,0.0,0.0,0.0,0.0,0.0,0.0,0.4025
4.026036460838376,3.9033520000000004,0.9863127029983949,5.616,2.0503,2.00781675526318,1.394920299574567,3.479268364354782,3.354812,0.9222498554383188,4.9466,1.6051,2.000659220823008,1.4217356834157209,2.614504354786964,2.4858320000000003,0.8101063442388289,3.8562,1.1101,1.7489946100770726,1.474925822246318,3.7507916369481253,3.6695219999999993,0.7765604904423093,5.0214,2.3166,1.677869386535631,1.3387573804814563,63.621058206078274,63.11688800000001,7.993590961304938,78.7506,47.6526,2.088285425962082,1.2378071382047242,71.92997317291866,71.46157199999999,8.195411395751648,85.9253,56.3898,1.958096643501764,1.1945687756825805,25.248602531284774,25.182108,1.8312199374012945,27.9691,22.1086,1.6796239598244689,1.1077484369389101,1200.0180860068162,1200.018086,0.0040447007305864655,1200.0249,1200.0112,0.046890364619034286,1.0000056782337392,1484.0255552801866,1483.908882,18.608563785963614,1519.5806,1450.2875,2.2047637459836884,1.0239585124279487,80.16285902176892,79.534488,10.017444041363845,94.308,60.0079,2.113586387101837,1.1764550458788565,0.31905001488794826,0.312376,0.06491645880668477,0.4442,0.1872,2.054239961598946,1.3922581581242783,0.0,0.0,0.0,0.0,0.0,0.0,0.0,0.4442
4.046163297742691,3.9319439999999997,0.9545961517123354,5.616,2.2402,2.02058858126957,1.3879815451969741,3.565775916150649,3.4419579999999996,0.9314950404784773,4.9466,1.7216,1.8405567243363332,1.3872436469500729,2.5657722598859003,2.427488,0.8309568577585722,3.8562,1.1101,1.6469814171509987,1.5029393080826634,3.8168901994948716,3.7346299999999997,0.7881557955759761,5.0214,2.3166,1.625010354788032,1.3155736016479587,62.82525070266413,62.32122999999999,7.94206630164342,78.7506,47.6526,2.1669060635238684,1.2534864422614345,72.33548124735053,71.84774600000001,8.385895420602619,85.9253,56.3898,1.894315600407813,1.1878720996449927,25.248026391565737,25.179352000000005,1.860932435446274,27.9809,22.1086,1.6631121405934781,1.1082410781329342,1200.019488006821,1200.0194880000001,0.004046017300997334,1200.0264,1200.0126,0.047011381384573676,1.000005759892442,1482.40726370979,1482.2934699999998,18.367479274699086,1519.5806,1450.2875,2.2280209162386355,1.0250763317139526,79.83333262155351,79.196244,10.065581640226462,94.308,60.0079,2.0858746822036514,1.1813110751025506,0.34128937164816603,0.335052,0.06495069280615873,0.4527,0.209,1.9882395318328723,1.3264403299446532,0.0,0.0,0.0,0.0,0.0,0.0,0.0,0.442
4.150592597160073,4.040528,0.9495011262847454,5.6747,2.2402,1.9635458996310404,1.367202358094777,3.529081741246581,3.4131720000000003,0.8970366964712201,4.9466,1.7216,1.9272654794910546,1.4016677279444456,2.5229695867766617,2.384958,0.8230132891004859,3.8562,1.1101,1.68848084695478,1.528436967661707,3.8588972240784023,3.7784439999999995,0.7838677980782219,5.0214,2.6643,1.5517152898331152,1.3012525847165326,62.43021518497273,61.93288,7.864486184589556,78.7506,47.6526,2.253052634030871,1.2614180449972483,72.94245281845134,72.46616399999999,8.322048924219564,87.1145,56.3898,1.975532286348665,1.1942907953051565,25.164492891067763,25.09705,1.8411365408627358,27.9809,22.1086,1.6470175166841612,1.11191988290822,1200.0208900068228,1200.02089,0.004046640582010884,1200.0278,1200.014,0.04704295114865925,1.0000057582190733,1482.7413164947488,1482.617402,19.169009555816817,1519.5806,1450.2875,2.0323599945273414,1.0248453881234605,80.33940521128595,79.74864000000001,9.724939478145867,94.308,60.679,2.1509192292630033,1.1738697808409102,0.36220456264381873,0.35668800000000006,0.06297472394540526,0.4603,0.2564,1.7411661943278889,1.2708287933533224,0.0,0.0,0.0,0.0,0.0,0.0,0.0,0.4532
4.150763510873632,4.032856,0.9822984304497284,5.8227,2.2402,1.9781023479398212,1.4028021521145266,3.530472887503882,3.4035059999999997,0.9382887174873201,4.9466,1.7216,1.7801252096742273,1.4011154153023946,2.5458992482028817,2.4108319999999996,0.8182249383733057,3.8562,1.1101,1.7191179963567265,1.5146710882511678,3.8693892779093706,3.7936560000000004,0.7618054460713706,5.0214,2.6643,1.6040920820912816,1.2977241694678543,62.30516203766266,61.801882,7.903201743437655,78.7506,47.6526,2.2312278301518695,1.2639498463988712,73.13681256375615,72.6645,8.298421038727788,87.1145,57.7586,1.914409292597609,1.1911169893020401,24.97771831082255,24.90728,1.8745172755672326,27.9809,22.1086,1.5583880369545546,1.1202344281652765,1200.0222920068227,1200.0222919999999,0.004046570893973023,1200.0292,1200.0154,0.046996683978523704,1.0000057565457103,1481.1798852488323,1481.0486420000002,19.717314616844668,1519.5806,1450.2875,1.9938575032388273,1.0259257603504772,80.56400839194012,79.94838600000001,9.940574639909102,94.0942,60.1732,2.270504258426652,1.1679433765330631,0.38568085770491645,0.3798839999999999,0.06661734416801678,0.5109,0.263,1.932107102520896,1.3246703240433706,0.0,0.0,0.0,0.0,0.0,0.0,0.0,0.4864
4.1211861043636455,4.0126159999999995,0.9397274835525457,5.8227,2.2402,2.016442795112571,1.412869945306774,3.5870975860715024,3.4612559999999997,0.9417940297453578,4.9466,1.7216,1.7992816450776792,1.3789978854819533,2.536191668624436,2.4119799999999993,0.7839774611556125,3.8562,1.2394,1.785208503469273,1.520468674548882,3.9280143053965575,3.8454179999999996,0.8012844617712239,5.0658,2.6643,1.5404991361036247,1.2896592510225047,63.20151066408935,62.723306,7.760015119403055,78.7506,48.8453,2.1144887675313924,1.2460240136678458,72.2873653587195,71.824198,8.169930976562531,87.1145,57.7586,2.023705871146456,1.2051137782605725,25.100762851865678,25.027144000000007,1.9210306996151831,27.9809,22.1931,1.5310370631895611,1.1147430121540236,1200.0236920068319,1200.0236919999998,0.004049337723614743,1200.0306,1200.0168,0.04715104555972264,1.0000057565389868,1480.9075579983585,1480.7788439999997,19.524612638556093,1519.5806,1450.2875,2.0491423231863455,1.0261144200274406,79.25077499328697,78.65175,9.725613552578572,94.0942,60.1732,2.1691175868766917,1.1872969065109762,0.4075407309705375,0.40167400000000003,0.06890170624882958,0.5359,0.2779,1.945077382337373,1.3149605576212615,0.0,0.0,0.0,0.0,0.0,0.0,0.0,0.5359
4.224312007368773,4.117535999999999,0.9437739264802774,5.8227,2.2402,1.985682607115001,1.3783782959353523,3.5112973305318365,3.3813299999999997,0.9464757654055386,5.1171,1.7216,1.854202255487398,1.4573246022010033,2.547253357991701,2.423266,0.7850360265898629,3.8562,1.2394,1.7980150746574992,1.5138658951073622,3.9375631252844694,3.859196,0.7816710300273384,5.0658,2.6643,1.5802186984730981,1.286531752241738,63.67030685769152,63.200821999999995,7.717776485291343,78.7506,48.8453,2.1124915795908774,1.2368497008133745,72.16613335116826,71.704074,8.153316788959202,87.6794,57.7586,2.074509802461466,1.214966022374967,24.945543471381818,24.875357999999995,1.8699474469717057,27.9809,22.1931,1.6606015825799116,1.1216793100091655,1200.0250940068295,1200.0250939999999,0.004048575551961702,1200.032,1200.0182,0.04713366170230743,1.0000057548656316,1481.3023140351638,1481.1749340000003,19.42576783622837,1519.5806,1450.2875,2.054895185207903,1.025840968175028,79.51588224782266,78.99858,9.05537893371669,94.0942,60.1732,2.2155370354725514,1.1833384391675181,0.4305832544351905,0.424966,0.06932415051048227,0.5524,0.3068,1.8594898661062604,1.282910985229768,0.0,0.0,0.0,0.0,0.0,0.0,0.0,0.5202
4.332686209985671,4.238569999999999,0.898161538533019,5.8227,2.5794,1.924945893177433,1.34390068986331,3.540650368731711,3.4168320000000008,0.9281509130394691,5.1171,1.9651,1.834890634870641,1.4452429504866804,2.473755469645292,2.3579160000000003,0.7481298420354584,3.8562,1.2394,2.039557091540805,1.5588444499587057,3.9435769275620833,3.8650280000000006,0.7831714645056981,5.0658,2.6643,1.5910488227629673,1.2845698410873847,64.88479927273876,64.391328,7.987118069743053,78.7506,48.8453,2.054587754484697,1.2136987533372852,71.93440085160229,71.448678,8.34532431552639,87.6794,57.7586,2.0263573112154663,1.218879964937641,24.82496023931962,24.755834,1.8513059844995912,27.9809,22.1931,1.7985805653199753,1.1271276859654538,1200.026498006834,1200.026498,0.0040499624689567665,1200.0334,1200.0196,0.047219264552245774,1.000005751525635,1480.9145221607096,1480.78632,19.485801172659045,1519.5806,1450.6535,2.067928472889349,1.0261095946122631,79.37182350419953,78.808878,9.436477879109134,94.0942,60.1732,2.0017537254314046,1.185486181795567,0.45326220027705816,0.44782999999999995,0.0699636569941852,0.56,0.3235,1.8323613285579463,1.235487952233428,0.0,0.0,0.0,0.0,0.0,0.0,0.0,0.5567
4.364029566031835,4.277924,0.8626240800163186,5.8227,2.5794,1.9554329944782773,1.3342485192995686,3.5307060214920183,3.3969980000000004,0.9624393997525247,5.2737,1.9651,1.909646678087072,1.493667258888563,2.515755702408324,2.397198,0.7631962414713531,4.0342,1.2394,2.2002842084936987,1.6035738208214483,3.9770144766646247,3.898432000000001,0.7866842371472813,5.0658,2.683,1.5086789723256468,1.2737695618123082,64.67239307918334,64.19945200000001,7.806970570464321,78.7506,49.9894,1.997206668760222,1.2176849539401273,72.9607533852317,72.45603,8.567102846336095,87.6794,57.7586,2.046217457856111,1.2017337530087817,24.81499585851265,24.748747999999996,1.8120408081762398,27.9809,22.003,1.8087383931966712,1.127580280418443,1200.0279000068244,1200.0279,0.0040471224345146155,1200.0348,1200.021,0.04700769485780485,1.0000057498522954,1484.2280246484045,1484.1057999999998,19.047402921773887,1519.5806,1450.6535,2.0548275001980287,1.0238188302297635,78.8650531512152,78.27862400000001,9.599668390659335,94.0942,60.1732,2.0048916868434152,1.193103868295803,0.47629822296540225,0.47124000000000005,0.06923048172589874,0.5986,0.3384,1.886955652672319,1.2567756052193493,0.0,0.0,0.0,0.0,0.0,0.0,0.0,0.5986
4.408745700967566,4.326186,0.8492074830122495,6.0342,2.5794,2.156372002351723,1.3686886011567456,3.4968099361560956,3.359928,0.9687949031740413,5.2737,1.9651,1.9209927644413465,1.5081460191444402,2.5936746355701596,2.483132,0.7491352252938049,4.0342,1.2875,2.147610718206513,1.5553994048136188,4.0170816637454605,3.9429359999999996,0.768245268845829,5.0658,2.683,1.5407342152772825,1.2610647259448753,63.92180143543985,63.447622,7.77148385425306,78.7506,49.9894,1.9586869620860308,1.2319834269254317,73.51592198460003,73.00464199999999,8.65523146412827,87.6794,57.7586,2.0290794804815357,1.1926586461969468,24.982821414884267,24.919887999999997,1.7721591112132116,27.9809,22.003,1.7881342820483255,1.1200056040159452,1200.029302006834,1200.029302,0.004049962468966695,1200.0362,1200.0224,0.047152289873929276,1.000005748178944,1485.8435062859407,1485.72705,18.602636114155985,1519.5806,1450.6535,2.0363964305776023,1.0227056843880973,79.01875460063262,78.42743800000001,9.648862492084545,94.0942,60.1732,1.8853843645594484,1.1907831307093122,0.4990561505482124,0.49439800000000006,0.0680268990620622,0.6059,0.3715,1.7804205452626711,1.214091815507136,0.0,0.0,0.0,0.0,0.0,0.0,0.0,0.6009
4.4007402546844325,4.303344,0.9207308004319177,6.0371,2.5794,2.087620610145359,1.3718373811895275,3.56674404870885,3.4413899999999997,0.9372822290537679,5.2737,2.2229,1.9193268299696065,1.478575393466573,2.705936623278528,2.5986200000000004,0.7544979157028865,4.0342,1.2875,2.078657553377341,1.4908700929600636,3.9695672327597626,3.8946940000000008,0.7673478101643348,5.0658,2.683,1.5463076458872302,1.2761592612493708,63.83197139533762,63.337188000000005,7.932287719684405,77.1512,49.9894,1.8366511933863903,1.2086607745526818,74.49029311722434,74.013704,8.412810998137543,87.6794,57.7586,2.1190371788354487,1.1770580611120642,25.14553676022049,25.083023999999995,1.771983627188468,27.9809,22.003,1.795293746106859,1.1127581111387286,1200.0307040068412,1200.030704,0.004052108586908873,1200.0376,1200.0238,0.047280697538205886,1.0000057465055985,1485.11572472021,1485.0057439999998,18.073629913242783,1518.7105,1450.6535,1.9393730587259945,1.0226209814564404,78.21318906571193,77.61227600000001,9.676650139827522,94.0942,60.1732,1.8804124135425038,1.2030477354518168,0.5215214563179544,0.5170620000000001,0.06805525369874099,0.6385,0.3946,1.8433946058714237,1.2243024328565748,0.0,0.0,0.0,0.0,0.0,0.0,0.0,0.6014
4.382863881345164,4.268688,0.9938805567350636,6.0371,2.5794,1.8161531308926844,1.377432690054887,3.634430846693881,3.5144580000000003,0.9261061200726405,5.2737,2.2229,1.84015851799195,1.451038748002846,2.652121728503426,2.551276,0.7243896980382866,4.0342,1.2875,2.1552135051301042,1.5211217273444133,4.005603536697061,3.9358279999999994,0.7443907895829985,5.2235,2.761,1.6722457544105904,1.3040481762872393,63.51824285564581,63.002036,8.081499571459743,78.8108,49.9894,1.945129103488073,1.2407585040836395,74.61242818223383,74.09790600000001,8.747271898378603,87.6794,57.7586,2.0759622462708562,1.1751313035155486,25.009105211582444,24.944603999999998,1.795013862671818,27.9809,22.003,1.8230107500060362,1.11882851273915,1200.0321080068343,1200.032108,0.004050029135706194,1200.039,1200.0252,0.047151758105706265,1.0000057431656368,1485.0219914587515,1484.90568,18.585925316044946,1518.7105,1450.6535,1.8419802965432588,1.0226855283792324,78.22497247404694,77.57585800000001,10.056469267552902,94.0942,60.0562,1.8434091711808263,1.202866514516057,0.5436131705542094,0.53954,0.0664218909697699,0.6561,0.419,1.867577674635236,1.2069243783440113,0.0,0.0,0.0,0.0,0.0,0.0,0.0,0.6561
4.472273997129425,4.356066,1.012878921216154,6.0371,2.5794,1.837722969732482,1.3498949282570847,3.657508875477953,3.5432779999999995,0.9069466295852254,5.3002,2.2229,2.0071769120102374,1.4491284002191522,2.7137562939586157,2.6176459999999997,0.7158230519367199,4.0342,1.2875,2.0753276900558744,1.486574160736255,4.000076281197647,3.93841,0.6996691556014171,5.2235,2.761,1.7610657424234912,1.3058500937830992,64.58189378504474,64.10928399999999,7.798763355182923,78.8108,50.2565,1.9597335510768632,1.2203234586169263,74.94450761965683,74.41599599999999,8.88474882485622,87.7229,57.7586,1.9652765110448527,1.1705047210862793,24.899828166599864,24.837830000000004,1.756030642471822,27.9371,22.003,1.9306791874578473,1.121979629813449,1200.0335100068344,1200.03351,0.0040500987642350834,1200.0404,1200.0266,0.04715301939602167,1.000005741492307,1485.7353132850767,1485.619222,18.572785639750347,1518.7105,1450.6535,1.7995753214407841,1.0221945230821705,78.40471127670837,77.690212,10.560762746083068,94.0942,60.0562,1.7234301189878087,1.200109004367336,0.5660380087944625,0.562138,0.06633171455646236,0.6846,0.4391,2.036187464549595,1.2094593954272692,0.0,0.0,0.0,0.0,0.0,0.0,0.0,0.6846
4.470755710525906,4.356404,1.004689410705617,6.3529,2.5794,2.041942857063199,1.4209901853579001,3.756664988257537,3.628776,0.9718624263876036,5.3671,2.2229,1.8198044855475444,1.4286874135674688,2.7698207502652585,2.6788659999999993,0.7039772316232961,4.0342,1.3472,1.9939451619713453,1.4564841371228856,4.0513903030194465,3.9898419999999994,0.7035084949280996,5.2235,2.9172,1.7536953135833193,1.2893104826789685,64.89124888978482,64.42694,7.748779562769869,78.8108,51.1512,1.880342328735746,1.2145058283854566,74.75824293285257,74.213938,9.004792776047431,87.7229,57.7586,1.9130768018373434,1.1734211044400549,24.911568046660573,24.853822000000005,1.6952151886164777,27.9371,22.003,2.0315931545022226,1.12145088323858,1200.0349120068324,1200.0349119999998,0.004049476015488012,1200.0418,1200.028,0.0471407683245408,1.0000057398189826,1485.1188089242592,1484.99995,18.788962733682265,1518.7105,1450.6535,1.8199494024509937,1.0226188577396356,77.71080568243646,77.043378,10.16303233107698,94.0324,60.0562,1.8052271712190036,1.2100299200623539,0.5894134501349626,0.5859160000000001,0.06411439888199842,0.7098,0.4734,1.9606964564504794,1.2042480330148406,0.0,0.0,0.0,0.0,0.0,0.0,0.0,0.7098
4.510094695945973,4.403480000000001,0.9748425801122969,6.3529,2.8391,1.9979004799593398,1.4085956979183891,3.755181492684475,3.6351780000000007,0.9417371986472659,5.3671,2.2479,1.8985930172591126,1.4292518207610496,2.7615659335601603,2.6794540000000002,0.6684105529418278,4.0342,1.4156,2.0570882079162787,1.4608378298579332,4.165545458880506,4.105392,0.7053548726251205,5.535,2.9172,1.9202747780595164,1.328757552006157,64.93619387953223,64.459758,7.851679701925952,78.8108,51.1512,1.876746193449096,1.213665219339324,74.92409844097293,74.403886,8.813754891736213,87.7229,58.2657,1.9693716699976362,1.1708235642955658,25.032600485818488,24.976053999999994,1.6816104399307232,27.9371,22.003,2.0358101570754417,1.1160286764719745,1200.036314006828,1200.036314,0.00404816056993931,1200.0432,1200.0294,0.04710339999534277,1.0000057381456642,1486.9102750768461,1486.7958079999996,18.449700342540442,1516.6123,1451.1742,1.8298734593692345,1.0199756672684364,77.37416853238166,76.68934999999999,10.271589587541941,93.1858,60.0347,1.7424831872861477,1.2043528448251761,0.6108278582383092,0.607292,0.06562849332416523,0.7251,0.4835,2.002337776600401,1.1870774692897745,0.0,0.0,0.0,0.0,0.0,0.0,0.0,0.6997
4.545547322270444,4.441586,0.9665993294038642,6.3529,2.8391,1.9863220533749808,1.3976094704588207,3.7915783691228113,3.67054,0.9503697373127997,5.3671,2.2479,1.8275310730916974,1.4155318612302268,2.886912949363039,2.807036,0.6743999346856433,4.1159,1.4156,2.0768512261489205,1.4257097660845728,4.093696271171079,4.034026,0.6964074898534621,5.535,2.9172,1.9693640407696722,1.3520788108922945,64.72278303355318,64.20106399999999,8.201342870305082,78.8108,51.1512,1.7245832638627199,1.2176670454199525,75.58698373207916,75.031732,9.145015188274758,87.7229,58.2657,1.852917776665648,1.1605556361308382,24.891832596046438,24.832588,1.7163633682457802,27.9677,22.003,1.9945001543420018,1.1235693427090783,1200.0377160068213,1200.0377159999998,0.004046151751970561,1200.0446,1200.0308,0.047016403931840804,1.0000057364723516,1486.9681499066946,1486.8476599999997,18.92920467063529,1516.6123,1451.1742,1.8704571043505258,1.0199359684233762,77.73219102335274,77.054886,10.23904608926066,93.1858,60.0347,1.7515948718616656,1.198805781249837,0.6331883661281215,0.6297820000000001,0.06559069656590026,0.7567,0.505,1.919778419597721,1.1950629994617696,0.0,0.0,0.0,0.0,0.0,0.0,0.0,0.7166
4.548123308640609,4.441390000000001,0.9795307542389877,6.3529,2.8391,1.9290076563052596,1.3968178861735046,3.8960045642940404,3.782714,0.9326984288632633,5.3671,2.2479,1.8013074321758051,1.3775907850345692,2.873244146674626,2.798584,0.6507376747538136,4.1159,1.5349,2.0040057150253388,1.4324922545961332,4.122206540361606,4.065078,0.6839061451076456,5.535,3.0117,1.9522473945039127,1.342727476747729,64.79228606524237,64.279802,8.133104474983462,78.8108,51.1512,1.751886412028428,1.2163608474699927,75.31266890427135,74.766156,9.056490184837834,87.7229,58.2657,1.8512709757957326,1.1647827817635206,24.982999105195514,24.918338,1.7962949668570583,27.9677,22.003,1.9045864401589658,1.119469278729994,1200.039118006812,1200.039118,0.004043448528170576,1200.046,1200.0323,0.04684235752366463,1.0000057347990452,1487.1959799945148,1487.07181,19.21756527682164,1516.6123,1451.1742,1.8506204926870269,1.0197797199501548,78.3593284946904,77.667152,10.39220199705991,93.1858,60.0347,1.7284943833252249,1.1892113138057598,0.6554166839499892,0.652064,0.06620853044736759,0.7747,0.5455,1.8789363048496088,1.1819961364290679,0.0,0.0,0.0,0.0,0.0,0.0,0.0,0.7673
4.578897120333673,4.476994,0.9606370607903902,6.3529,2.8391,2.0007166912136634,1.3874301647691858,3.9626885488011796,3.8530759999999997,0.9255840712890429,5.4617,2.2479,1.9115853714301307,1.3782814165068558,2.9467172288497583,2.862852,0.6980120721706753,4.1159,1.5349,1.869082941233234,1.3967746703808706,4.129688854526452,4.072652,0.6839851768101411,5.535,3.0208,1.8960317398899733,1.3402946763241677,64.34210045490123,63.804098,8.30319031186182,79.8787,51.1512,1.8459648255130319,1.2414686406387063,75.27589046326453,74.741122,8.956805636973261,87.7229,58.2657,1.7744723208256992,1.165351873600967,24.95686176936515,24.889628,1.8306740280060785,27.9677,22.003,1.875768988065685,1.1206416995555215,1200.0405200068244,1200.04052,0.004047122434518413,1200.0474,1200.0336,0.047133955185082906,1.0000057331257244,1488.4752330620884,1488.36499,18.115628102224353,1516.6123,1451.2527,2.018845573548917,1.0189032818973005,77.84715960494127,77.144612,10.434993911194006,93.414,60.0347,1.8254389229595593,1.1999667099231066,0.6777505735888387,0.6744279999999999,0.06702770185527772,0.8011,0.5516,1.9358020437983765,1.1819982444839794,0.0,0.0,0.0,0.0,0.0,0.0,0.0,0.8011
4.596396762160551,4.4936359999999995,0.9664878140483718,6.3529,2.8391,2.0326932915289824,1.3821478681906303,4.0021977714750685,3.8945040000000004,0.9221852286737193,5.5367,2.2766,1.9490490861685361,1.3834148890961027,3.0284143770626897,2.9400239999999997,0.7263281067286327,4.2685,1.5349,1.8773850914304424,1.4094834637673515,4.1590885248332965,4.10923,0.6420639878547932,5.535,3.0208,2.0494248500542507,1.3308204318429717,64.10082356584664,63.590213999999996,8.074668120362842,79.8787,51.1512,1.9901194665745612,1.2461415555056692,74.28612327400185,73.75287399999999,8.884913495376532,87.7229,58.2657,1.7406326253015953,1.1808786906893536,25.06152872999171,24.993657999999996,1.8431717400274994,27.9677,22.0152,1.8832911957592156,1.1159614519193632,1200.0419240068206,1200.0419239999999,0.0040460133464903705,1200.0488,1200.0351,0.046959604976910554,1.0000057297858032,1486.3766525317474,1486.254356,19.066789517579103,1516.6123,1450.6437,1.8753380052293294,1.0203418476780761,77.27082764866441,76.600108,10.158949743843404,93.414,60.0347,1.8780856241371604,1.2089167779158045,0.6996094284670554,0.6964479999999998,0.06643444660716308,0.8062,0.5892,1.7968907151801845,1.1523572377275237,0.0,0.0,0.0,0.0,0.0,0.0,0.0,0.8062
